{"metadata":{"usedHelpers":[],"marked":[],"modules":{"imports":[{"source":"meteor/meteor","imported":["Meteor"],"specifiers":[{"kind":"named","imported":"Meteor","local":"Meteor"}]},{"source":"meteor/mongo","imported":["Mongo"],"specifiers":[{"kind":"named","imported":"Mongo","local":"Mongo"}]}],"exports":{"exported":[],"specifiers":[]}}},"options":{"filename":"server/main.js","filenameRelative":"server/main.js","env":{"development":{"plugins":[]}},"retainLines":false,"highlightCode":true,"suppressDeprecationMessages":false,"presets":[],"plugins":[[[],null],[[],null],[[],null],[[],null],[[],null],[[],null],[[],{"generateLetDeclarations":true,"enforceStrictMode":false}],[[],{"polyfill":false}],[[],null],[[],null],[[],null],[[],{"useNativeAsyncAwait":false}],[[],null],[[],null],[[],{"allowTopLevelThis":true,"strict":false,"loose":true}]],"ignore":[],"code":true,"metadata":true,"ast":true,"comments":true,"compact":false,"minified":false,"sourceMap":true,"sourceMaps":true,"sourceMapTarget":"server/main.js.map","sourceFileName":"server/main.js","babelrc":false,"sourceType":"module","moduleIds":false,"passPerPreset":false,"parserOpts":false,"generatorOpts":false,"basename":"main"},"ignored":false,"code":"let Meteor;\nmodule.watch(require(\"meteor/meteor\"), {\n\tMeteor(v) {\n\t\tMeteor = v;\n\t}\n\n}, 0);\nlet Mongo;\nmodule.watch(require(\"meteor/mongo\"), {\n\tMongo(v) {\n\t\tMongo = v;\n\t}\n\n}, 1);\nMeteor.startup(() => {\n\tconst Users = new Mongo.Collection('users'); // code to run on server at startup\n});","map":{"version":3,"sources":["server/main.js"],"names":["Meteor","module","watch","require","v","Mongo","startup","Users","Collection"],"mappings":"AAAA,IAAIA,MAAJ;AAAWC,OAAOC,KAAP,CAAaC,QAAQ,eAAR,CAAb,EAAsC;AAACH,QAAOI,CAAP,EAAS;AAACJ,WAAOI,CAAP;AAAS;;AAApB,CAAtC,EAA4D,CAA5D;AAA+D,IAAIC,KAAJ;AAAUJ,OAAOC,KAAP,CAAaC,QAAQ,cAAR,CAAb,EAAqC;AAACE,OAAMD,CAAN,EAAQ;AAACC,UAAMD,CAAN;AAAQ;;AAAlB,CAArC,EAAyD,CAAzD;AAGpFJ,OAAOM,OAAP,CAAe,MAAM;AAEpB,OAAMC,QAAQ,IAAIF,MAAMG,UAAV,CAAqB,OAArB,CAAd,CAFoB,CAInB;AACD,CALD","file":"server/main.js.map","sourcesContent":["import { Meteor } from 'meteor/meteor';\nimport { Mongo } from 'meteor/mongo';\n\nMeteor.startup(() => {\n\t\n\tconst Users = new Mongo.Collection('users');\n\n  // code to run on server at startup\n});\n"]},"hash":"62b66163c248defeefcc6b5d388d7d3372478880"}
