{"metadata":{"usedHelpers":[],"marked":[],"modules":{"imports":[{"source":"meteor/templating","imported":["Template"],"specifiers":[{"kind":"named","imported":"Template","local":"Template"}]},{"source":"meteor/reactive-var","imported":["ReactiveVar"],"specifiers":[{"kind":"named","imported":"ReactiveVar","local":"ReactiveVar"}]},{"source":"meteor/mongo","imported":["Mongo"],"specifiers":[{"kind":"named","imported":"Mongo","local":"Mongo"}]},{"source":"./main.html","imported":[],"specifiers":[]}],"exports":{"exported":[],"specifiers":[]}}},"options":{"filename":"client/main.js","filenameRelative":"client/main.js","env":{"development":{"plugins":[]}},"retainLines":false,"highlightCode":true,"suppressDeprecationMessages":false,"presets":[],"plugins":[[[],{"generateLetDeclarations":true,"enforceStrictMode":false}],[[],null],[[],{"polyfill":false}],[[],null],[[],null],[[],null],[[],{"allowTopLevelThis":true,"strict":false,"loose":true}],[[],null],[[],null],[[],null],[[],null],[[],null],[[],null],[[],null],[[],null],[[],null],[[],null],[[],null],[[],null],[[],{"loose":true}],[[],{"loose":true}],[[],null],[[],{"loose":true}],[[],null],[[],null],[[],null],[[],null],[[],null],[[],null],[[],{"loose":true}],[[],null],[[],null],[[],null],[[],null],[[],null],[[],null],[[],null]],"ignore":[],"code":true,"metadata":true,"ast":true,"comments":true,"compact":false,"minified":false,"sourceMap":true,"sourceMaps":true,"sourceMapTarget":"client/main.js.map","sourceFileName":"client/main.js","babelrc":false,"sourceType":"module","moduleIds":false,"passPerPreset":false,"parserOpts":false,"generatorOpts":false,"basename":"main"},"ignored":false,"code":"var Template = void 0;\nmodule.watch(require(\"meteor/templating\"), {\n\tTemplate: function (v) {\n\t\tTemplate = v;\n\t}\n}, 0);\nvar ReactiveVar = void 0;\nmodule.watch(require(\"meteor/reactive-var\"), {\n\tReactiveVar: function (v) {\n\t\tReactiveVar = v;\n\t}\n}, 1);\nvar Mongo = void 0;\nmodule.watch(require(\"meteor/mongo\"), {\n\tMongo: function (v) {\n\t\tMongo = v;\n\t}\n}, 2);\nmodule.watch(require(\"./main.html\"));\nUsers = new Mongo.Collection('users');\nTemplate.users.helpers({\n\tusers: function () {\n\t\treturn Users.find({}, {\n\t\t\tsort: {\n\t\t\t\tcreatedAt: -1\n\t\t\t}\n\t\t});\n\t}\n});\nTemplate.body.events({\n\t//function to insert user\n\t\"submit .add-user\": function (event) {\n\t\tevent.preventDefault();\n\t\tvar name = event.target.name.value;\n\t\tvar email = event.target.email.value;\n\t\tvar phone = event.target.phone.value;\n\t\tvar dob = event.target.dob.value;\n\t\tUsers.insert({\n\t\t\tname: name,\n\t\t\temail: email,\n\t\t\tphone: phone,\n\t\t\tdob: dob,\n\t\t\tcreatedAt: new Date()\n\t\t});\n\t\tevent.target.name.value = '';\n\t\tevent.target.email.value = '';\n\t\tevent.target.phone.value = '';\n\t\tevent.target.dob.value = '';\n\t\treturn false;\n\t},\n\t//function to delete user\n\t\"click .delete-user\": function (event) {\n\t\tUsers.remove(this._id);\n\t\treturn false;\n\t},\n\t\"click .edit-user\": function (event) {\n\t\tvar name = Meteor.users.find(Meteor.user(), {\n\t\t\tfields: {\n\t\t\t\t'completedOnboarding': 1\n\t\t\t}\n\t\t});\n\t\twindow.alert(name);\n\t}\n});","map":{"version":3,"sources":["client/main.js"],"names":["Template","module","watch","require","v","ReactiveVar","Mongo","Users","Collection","users","helpers","find","sort","createdAt","body","events","event","preventDefault","name","target","value","email","phone","dob","insert","Date","remove","_id","Meteor","user","fields","window","alert"],"mappings":"AAAA,IAAIA,iBAAJ;AAAaC,OAAOC,KAAP,CAAaC,QAAQ,mBAAR,CAAb,EAA0C;AAACH,SAAD,YAAUI,CAAV,EAAY;AAACJ,aAASI,CAAT;AAAW;AAAxB,CAA1C,EAAoE,CAApE;AAAuE,IAAIC,oBAAJ;AAAgBJ,OAAOC,KAAP,CAAaC,QAAQ,qBAAR,CAAb,EAA4C;AAACE,YAAD,YAAaD,CAAb,EAAe;AAACC,gBAAYD,CAAZ;AAAc;AAA9B,CAA5C,EAA4E,CAA5E;AAA+E,IAAIE,cAAJ;AAAUL,OAAOC,KAAP,CAAaC,QAAQ,cAAR,CAAb,EAAqC;AAACG,MAAD,YAAOF,CAAP,EAAS;AAACE,UAAMF,CAAN;AAAQ;AAAlB,CAArC,EAAyD,CAAzD;AAA4DH,OAAOC,KAAP,CAAaC,QAAQ,aAAR,CAAb;AAQzPI,QAAQ,IAAID,MAAME,UAAV,CAAqB,OAArB,CAAR;AAEAR,SAASS,KAAT,CAAeC,OAAf,CAAuB;AACtBD,QAAO,YAAU;AAChB,SAAOF,MAAMI,IAAN,CAAW,EAAX,EAAe;AAACC,SAAM;AAACC,eAAY,CAAC;AAAd;AAAP,GAAf,CAAP;AACA;AAHqB,CAAvB;AAOAb,SAASc,IAAT,CAAcC,MAAd,CAAqB;AAGrB;AAEC,qBAAqB,UAASC,KAAT,EAAe;AAEnCA,QAAMC,cAAN;AAEA,MAAIC,OAAOF,MAAMG,MAAN,CAAaD,IAAb,CAAkBE,KAA7B;AACA,MAAIC,QAAQL,MAAMG,MAAN,CAAaE,KAAb,CAAmBD,KAA/B;AACA,MAAIE,QAAQN,MAAMG,MAAN,CAAaG,KAAb,CAAmBF,KAA/B;AACA,MAAIG,MAAMP,MAAMG,MAAN,CAAaI,GAAb,CAAiBH,KAA3B;AAGAb,QAAMiB,MAAN,CAAa;AAEZN,SAAMA,IAFM;AAGZG,UAAOA,KAHK;AAIZC,UAAOA,KAJK;AAKZC,QAAMA,GALM;AAMZV,cAAY,IAAIY,IAAJ;AANA,GAAb;AAWAT,QAAMG,MAAN,CAAaD,IAAb,CAAkBE,KAAlB,GAAwB,EAAxB;AACAJ,QAAMG,MAAN,CAAaE,KAAb,CAAmBD,KAAnB,GAAyB,EAAzB;AACAJ,QAAMG,MAAN,CAAaG,KAAb,CAAmBF,KAAnB,GAAyB,EAAzB;AACAJ,QAAMG,MAAN,CAAaI,GAAb,CAAiBH,KAAjB,GAAuB,EAAvB;AAEA,SAAO,KAAP;AACA,EAhCmB;AAoCrB;AAEC,uBAAuB,UAASJ,KAAT,EAAe;AACrCT,QAAMmB,MAAN,CAAa,KAAKC,GAAlB;AACA,SAAO,KAAP;AACA,EAzCmB;AA2CpB,qBAAoB,UAASX,KAAT,EAAe;AAClC,MAAIE,OAAKU,OAAOnB,KAAP,CAAaE,IAAb,CAAkBiB,OAAOC,IAAP,EAAlB,EAAiC;AAACC,WAAQ;AAAC,2BAAuB;AAAxB;AAAT,GAAjC,CAAT;AACAC,SAAOC,KAAP,CAAad,IAAb;AAEA;AA/CmB,CAArB","file":"client/main.js.map","sourcesContent":["import { Template } from 'meteor/templating';\nimport { ReactiveVar } from 'meteor/reactive-var';\nimport { Mongo } from 'meteor/mongo';\n\n\nimport './main.html';\n\n\nUsers = new Mongo.Collection('users');\n\nTemplate.users.helpers({\n\tusers: function(){\n\t\treturn Users.find({}, {sort: {createdAt : -1}});\n\t}\n});\n\n\nTemplate.body.events({\n\n\n//function to insert user\n\n\t\"submit .add-user\" : function(event){\n\n\t\tevent.preventDefault();\n\n\t\tvar name = event.target.name.value;\n\t\tvar email = event.target.email.value;\n\t\tvar phone = event.target.phone.value;\n\t\tvar dob = event.target.dob.value;\n\n\n\t\tUsers.insert({\n\n\t\t\tname: name,\n\t\t\temail: email,\n\t\t\tphone: phone,\n\t\t\tdob : dob,\n\t\t\tcreatedAt : new Date()\n\n\t\t});\n\n\n\t\tevent.target.name.value='';\n\t\tevent.target.email.value='';\n\t\tevent.target.phone.value='';\n\t\tevent.target.dob.value='';\n\n\t\treturn false;\n\t},\n\n\n\n//function to delete user\n\n\t\"click .delete-user\" : function(event){\n\t\tUsers.remove(this._id);\n\t\treturn false;\n\t},\n\n\t\"click .edit-user\" :function(event){\n\t\tvar name=Meteor.users.find(Meteor.user(), {fields: {'completedOnboarding': 1}});\n\t\twindow.alert(name);\n\n\t}\n});"]},"hash":"a4bb1586b34535da2d0b628d3b3b14735665bd8e"}
