{
  "format": "web-program-pre1",
  "manifest": [
    {
      "path": "packages/meteor.js",
      "where": "client",
      "type": "js",
      "cacheable": true,
      "url": "/packages/meteor.js?hash=cbcc712d51de4298c275e8dcf25c66c29914f19a",
      "size": 125016,
      "hash": "cbcc712d51de4298c275e8dcf25c66c29914f19a"
    },
    {
      "path": "packages/meteor-base.js",
      "where": "client",
      "type": "js",
      "cacheable": true,
      "url": "/packages/meteor-base.js?hash=a4d07a6b394e56bbe6ccc773c95e7cdb3434960d",
      "size": 720,
      "hash": "a4d07a6b394e56bbe6ccc773c95e7cdb3434960d"
    },
    {
      "path": "packages/mobile-experience.js",
      "where": "client",
      "type": "js",
      "cacheable": true,
      "url": "/packages/mobile-experience.js?hash=8ded3e69a3e367f321ab9a2b52e3ecdd2661a365",
      "size": 726,
      "hash": "8ded3e69a3e367f321ab9a2b52e3ecdd2661a365"
    },
    {
      "path": "packages/babel-compiler.js",
      "where": "client",
      "type": "js",
      "cacheable": true,
      "url": "/packages/babel-compiler.js?hash=a9546d4e245cfe40b406e08d40bf106241f01683",
      "size": 723,
      "hash": "a9546d4e245cfe40b406e08d40bf106241f01683"
    },
    {
      "path": "packages/ecmascript.js",
      "where": "client",
      "type": "js",
      "cacheable": true,
      "url": "/packages/ecmascript.js?hash=370a8752194bcf73be7fffa3635715d0fbf7853d",
      "size": 716,
      "hash": "370a8752194bcf73be7fffa3635715d0fbf7853d"
    },
    {
      "path": "packages/underscore.js",
      "where": "client",
      "type": "js",
      "cacheable": true,
      "url": "/packages/underscore.js?hash=cde485f60699ff9aced3305f70189e39c665183c",
      "size": 150249,
      "hash": "cde485f60699ff9aced3305f70189e39c665183c"
    },
    {
      "path": "packages/base64.js",
      "where": "client",
      "type": "js",
      "cacheable": true,
      "url": "/packages/base64.js?hash=0053489bb30bb5c0e3545df151f83e41150344b0",
      "size": 15332,
      "hash": "0053489bb30bb5c0e3545df151f83e41150344b0"
    },
    {
      "path": "packages/modules-runtime.js",
      "where": "client",
      "type": "js",
      "cacheable": true,
      "url": "/packages/modules-runtime.js?hash=5e485d3e2a49d2506f7ca0df72fcd6a3216a83a5",
      "size": 52228,
      "hash": "5e485d3e2a49d2506f7ca0df72fcd6a3216a83a5"
    },
    {
      "path": "packages/modules.js",
      "where": "client",
      "type": "js",
      "cacheable": true,
      "url": "/packages/modules.js?hash=ad6e717a71541846234e9171ecb2ca20bb156cef",
      "size": 1221297,
      "hash": "ad6e717a71541846234e9171ecb2ca20bb156cef"
    },
    {
      "path": "packages/ecmascript-runtime.js",
      "where": "client",
      "type": "js",
      "cacheable": true,
      "url": "/packages/ecmascript-runtime.js?hash=ed0d1c9624ff822ac7a673101e02acc5a1471a22",
      "size": 727,
      "hash": "ed0d1c9624ff822ac7a673101e02acc5a1471a22"
    },
    {
      "path": "packages/es5-shim.js",
      "where": "client",
      "type": "js",
      "cacheable": true,
      "url": "/packages/es5-shim.js?hash=c070fc7aa1536cb75430d62c9dad8eaffe2b3716",
      "size": 346327,
      "hash": "c070fc7aa1536cb75430d62c9dad8eaffe2b3716"
    },
    {
      "path": "packages/promise.js",
      "where": "client",
      "type": "js",
      "cacheable": true,
      "url": "/packages/promise.js?hash=f2bd20295fb0335a153638987c47ebfc80208823",
      "size": 65619,
      "hash": "f2bd20295fb0335a153638987c47ebfc80208823"
    },
    {
      "path": "packages/babel-runtime.js",
      "where": "client",
      "type": "js",
      "cacheable": true,
      "url": "/packages/babel-runtime.js?hash=d30d6365a39d44d15a5cb59ccbf315b6ec6c8617",
      "size": 12748,
      "hash": "d30d6365a39d44d15a5cb59ccbf315b6ec6c8617"
    },
    {
      "path": "packages/ecmascript-runtime-client.js",
      "where": "client",
      "type": "js",
      "cacheable": true,
      "url": "/packages/ecmascript-runtime-client.js?hash=236033036aa3b0629009d2af14113e2413052567",
      "size": 6462,
      "hash": "236033036aa3b0629009d2af14113e2413052567"
    },
    {
      "path": "packages/ejson.js",
      "where": "client",
      "type": "js",
      "cacheable": true,
      "url": "/packages/ejson.js?hash=3af8c8d41c63ca01c1c9698a677bc5ae971ff3b2",
      "sourceMap": "packages/ejson.js.map",
      "sourceMapUrl": "/packages/3af8c8d41c63ca01c1c9698a677bc5ae971ff3b2.map",
      "size": 100153,
      "hash": "3af8c8d41c63ca01c1c9698a677bc5ae971ff3b2"
    },
    {
      "path": "packages/diff-sequence.js",
      "where": "client",
      "type": "js",
      "cacheable": true,
      "url": "/packages/diff-sequence.js?hash=15014d7b1e11c05111a386992e684ab1d3cc4158",
      "size": 24291,
      "hash": "15014d7b1e11c05111a386992e684ab1d3cc4158"
    },
    {
      "path": "packages/geojson-utils.js",
      "where": "client",
      "type": "js",
      "cacheable": true,
      "url": "/packages/geojson-utils.js?hash=e9d235fa7a29b6bcb50d7ad0b05751fa169fcc8b",
      "size": 46554,
      "hash": "e9d235fa7a29b6bcb50d7ad0b05751fa169fcc8b"
    },
    {
      "path": "packages/id-map.js",
      "where": "client",
      "type": "js",
      "cacheable": true,
      "url": "/packages/id-map.js?hash=c7aea8dfa2bf46ff2ae0aa6c6cf09e36abc61d07",
      "size": 8189,
      "hash": "c7aea8dfa2bf46ff2ae0aa6c6cf09e36abc61d07"
    },
    {
      "path": "packages/random.js",
      "where": "client",
      "type": "js",
      "cacheable": true,
      "url": "/packages/random.js?hash=189ef930765405ef87a31a621407fc34447b8756",
      "sourceMap": "packages/random.js.map",
      "sourceMapUrl": "/packages/189ef930765405ef87a31a621407fc34447b8756.map",
      "size": 39728,
      "hash": "189ef930765405ef87a31a621407fc34447b8756"
    },
    {
      "path": "packages/mongo-id.js",
      "where": "client",
      "type": "js",
      "cacheable": true,
      "url": "/packages/mongo-id.js?hash=345d169d517353f8146292b4abd24061721f8b26",
      "size": 12235,
      "hash": "345d169d517353f8146292b4abd24061721f8b26"
    },
    {
      "path": "packages/ordered-dict.js",
      "where": "client",
      "type": "js",
      "cacheable": true,
      "url": "/packages/ordered-dict.js?hash=bacdd1852075630a01f7de783e5e8e8aa8541cdc",
      "size": 20041,
      "hash": "bacdd1852075630a01f7de783e5e8e8aa8541cdc"
    },
    {
      "path": "packages/tracker.js",
      "where": "client",
      "type": "js",
      "cacheable": true,
      "url": "/packages/tracker.js?hash=997515fa2d5b0530ba07741da556c4b36963ef3b",
      "size": 86619,
      "hash": "997515fa2d5b0530ba07741da556c4b36963ef3b"
    },
    {
      "path": "packages/minimongo.js",
      "where": "client",
      "type": "js",
      "cacheable": true,
      "url": "/packages/minimongo.js?hash=2b34314db9dbc6027d9d414887b75281c4515a19",
      "sourceMap": "packages/minimongo.js.map",
      "sourceMapUrl": "/packages/2b34314db9dbc6027d9d414887b75281c4515a19.map",
      "size": 638437,
      "hash": "2b34314db9dbc6027d9d414887b75281c4515a19"
    },
    {
      "path": "packages/check.js",
      "where": "client",
      "type": "js",
      "cacheable": true,
      "url": "/packages/check.js?hash=eab389b8683d2f0b47a9d511894c2082fc6155a9",
      "size": 67910,
      "hash": "eab389b8683d2f0b47a9d511894c2082fc6155a9"
    },
    {
      "path": "packages/retry.js",
      "where": "client",
      "type": "js",
      "cacheable": true,
      "url": "/packages/retry.js?hash=1e409617b538ff3e2b0238b15e45b3380c51a224",
      "size": 6891,
      "hash": "1e409617b538ff3e2b0238b15e45b3380c51a224"
    },
    {
      "path": "packages/callback-hook.js",
      "where": "client",
      "type": "js",
      "cacheable": true,
      "url": "/packages/callback-hook.js?hash=e15ed8aa52e7c647efd9f4854e8a0fe4e40808fc",
      "size": 14275,
      "hash": "e15ed8aa52e7c647efd9f4854e8a0fe4e40808fc"
    },
    {
      "path": "packages/ddp-common.js",
      "where": "client",
      "type": "js",
      "cacheable": true,
      "url": "/packages/ddp-common.js?hash=83c6dba3051ec76b5c1cd85d39357f0f501add98",
      "size": 45313,
      "hash": "83c6dba3051ec76b5c1cd85d39357f0f501add98"
    },
    {
      "path": "packages/reload.js",
      "where": "client",
      "type": "js",
      "cacheable": true,
      "url": "/packages/reload.js?hash=02487cd11db41d01f7837ad146e4680a9e8d2e12",
      "size": 26454,
      "hash": "02487cd11db41d01f7837ad146e4680a9e8d2e12"
    },
    {
      "path": "packages/ddp-client.js",
      "where": "client",
      "type": "js",
      "cacheable": true,
      "url": "/packages/ddp-client.js?hash=df770fd9a6a02fd730939b97d266ea2b12938e95",
      "sourceMap": "packages/ddp-client.js.map",
      "sourceMapUrl": "/packages/df770fd9a6a02fd730939b97d266ea2b12938e95.map",
      "size": 641361,
      "hash": "df770fd9a6a02fd730939b97d266ea2b12938e95"
    },
    {
      "path": "packages/ddp.js",
      "where": "client",
      "type": "js",
      "cacheable": true,
      "url": "/packages/ddp.js?hash=25dc3f428447c81620c91c4245dbc6e4f7d32fb7",
      "size": 874,
      "hash": "25dc3f428447c81620c91c4245dbc6e4f7d32fb7"
    },
    {
      "path": "packages/ddp-server.js",
      "where": "client",
      "type": "js",
      "cacheable": true,
      "url": "/packages/ddp-server.js?hash=1beefbc7bd033ea687e7ab8fbd5694df072662af",
      "size": 719,
      "hash": "1beefbc7bd033ea687e7ab8fbd5694df072662af"
    },
    {
      "path": "packages/allow-deny.js",
      "where": "client",
      "type": "js",
      "cacheable": true,
      "url": "/packages/allow-deny.js?hash=74d8af62e9bac0bd3c45b254bad987e996a88f6e",
      "sourceMap": "packages/allow-deny.js.map",
      "sourceMapUrl": "/packages/74d8af62e9bac0bd3c45b254bad987e996a88f6e.map",
      "size": 65946,
      "hash": "74d8af62e9bac0bd3c45b254bad987e996a88f6e"
    },
    {
      "path": "packages/mongo-dev-server.js",
      "where": "client",
      "type": "js",
      "cacheable": true,
      "url": "/packages/mongo-dev-server.js?hash=ffb3e3929e33d217163e7dce36aff2c85ec727d3",
      "size": 725,
      "hash": "ffb3e3929e33d217163e7dce36aff2c85ec727d3"
    },
    {
      "path": "packages/insecure.js",
      "where": "client",
      "type": "js",
      "cacheable": true,
      "url": "/packages/insecure.js?hash=a0e5f17c280f4c7b05178d36a7ceb07cb7b086c6",
      "size": 714,
      "hash": "a0e5f17c280f4c7b05178d36a7ceb07cb7b086c6"
    },
    {
      "path": "packages/mongo.js",
      "where": "client",
      "type": "js",
      "cacheable": true,
      "url": "/packages/mongo.js?hash=337de4ed4979262aa9b84177742e90e72b1e1e1c",
      "sourceMap": "packages/mongo.js.map",
      "sourceMapUrl": "/packages/337de4ed4979262aa9b84177742e90e72b1e1e1c.map",
      "size": 95619,
      "hash": "337de4ed4979262aa9b84177742e90e72b1e1e1c"
    },
    {
      "path": "packages/blaze-html-templates.js",
      "where": "client",
      "type": "js",
      "cacheable": true,
      "url": "/packages/blaze-html-templates.js?hash=6e8335ce66460e45f00da73c7497654c5e26e236",
      "size": 729,
      "hash": "6e8335ce66460e45f00da73c7497654c5e26e236"
    },
    {
      "path": "packages/reactive-var.js",
      "where": "client",
      "type": "js",
      "cacheable": true,
      "url": "/packages/reactive-var.js?hash=ec712fa3ae588c4a1e7017f0bb4507c725391225",
      "size": 13609,
      "hash": "ec712fa3ae588c4a1e7017f0bb4507c725391225"
    },
    {
      "path": "packages/standard-minifier-css.js",
      "where": "client",
      "type": "js",
      "cacheable": true,
      "url": "/packages/standard-minifier-css.js?hash=cfe82682f4394d3ffc6335555c1f9f3f73294507",
      "size": 730,
      "hash": "cfe82682f4394d3ffc6335555c1f9f3f73294507"
    },
    {
      "path": "packages/standard-minifier-js.js",
      "where": "client",
      "type": "js",
      "cacheable": true,
      "url": "/packages/standard-minifier-js.js?hash=041bab58c8a89172eaab795deb5d96e38b64ec37",
      "size": 729,
      "hash": "041bab58c8a89172eaab795deb5d96e38b64ec37"
    },
    {
      "path": "packages/shell-server.js",
      "where": "client",
      "type": "js",
      "cacheable": true,
      "url": "/packages/shell-server.js?hash=6ff1313e4bf7618e577eb2604a580b2ea9b7631f",
      "size": 721,
      "hash": "6ff1313e4bf7618e577eb2604a580b2ea9b7631f"
    },
    {
      "path": "packages/autopublish.js",
      "where": "client",
      "type": "js",
      "cacheable": true,
      "url": "/packages/autopublish.js?hash=073bd4c42d2fb6182c944501b4f30e8d17bcceb3",
      "size": 717,
      "hash": "073bd4c42d2fb6182c944501b4f30e8d17bcceb3"
    },
    {
      "path": "packages/webapp.js",
      "where": "client",
      "type": "js",
      "cacheable": true,
      "url": "/packages/webapp.js?hash=266b2d6adf1a164ef9db120ea9c68d5658351399",
      "sourceMap": "packages/webapp.js.map",
      "sourceMapUrl": "/packages/266b2d6adf1a164ef9db120ea9c68d5658351399.map",
      "size": 3816,
      "hash": "266b2d6adf1a164ef9db120ea9c68d5658351399"
    },
    {
      "path": "packages/livedata.js",
      "where": "client",
      "type": "js",
      "cacheable": true,
      "url": "/packages/livedata.js?hash=7cf1831a60b48e304b054aee1ae0f7e38ff35d09",
      "size": 958,
      "hash": "7cf1831a60b48e304b054aee1ae0f7e38ff35d09"
    },
    {
      "path": "packages/dynamic-import.js",
      "where": "client",
      "type": "js",
      "cacheable": true,
      "url": "/packages/dynamic-import.js?hash=d20b3dfd7dd31096c4c95f8751141e932cabc923",
      "size": 35435,
      "hash": "d20b3dfd7dd31096c4c95f8751141e932cabc923"
    },
    {
      "path": "packages/hot-code-push.js",
      "where": "client",
      "type": "js",
      "cacheable": true,
      "url": "/packages/hot-code-push.js?hash=2e864a0bdd0d5f686115099f8c48eb6c866b5b14",
      "size": 722,
      "hash": "2e864a0bdd0d5f686115099f8c48eb6c866b5b14"
    },
    {
      "path": "packages/jquery.js",
      "where": "client",
      "type": "js",
      "cacheable": true,
      "url": "/packages/jquery.js?hash=e5fc9cebb2e37c48ddfaf76e0ab0b77cb6ce6e52",
      "size": 1297882,
      "hash": "e5fc9cebb2e37c48ddfaf76e0ab0b77cb6ce6e52"
    },
    {
      "path": "packages/observe-sequence.js",
      "where": "client",
      "type": "js",
      "cacheable": true,
      "url": "/packages/observe-sequence.js?hash=8fe58036c6ba00c458f54c360a21fd0e41fb7ee0",
      "size": 33341,
      "hash": "8fe58036c6ba00c458f54c360a21fd0e41fb7ee0"
    },
    {
      "path": "packages/deps.js",
      "where": "client",
      "type": "js",
      "cacheable": true,
      "url": "/packages/deps.js?hash=7313f5a2685c6c2c673c78c15c8ce86ff59ab0c9",
      "size": 932,
      "hash": "7313f5a2685c6c2c673c78c15c8ce86ff59ab0c9"
    },
    {
      "path": "packages/htmljs.js",
      "where": "client",
      "type": "js",
      "cacheable": true,
      "url": "/packages/htmljs.js?hash=1ac878018eee6c53ed1375dc7ee75fc6865666ae",
      "size": 60540,
      "hash": "1ac878018eee6c53ed1375dc7ee75fc6865666ae"
    },
    {
      "path": "packages/blaze.js",
      "where": "client",
      "type": "js",
      "cacheable": true,
      "url": "/packages/blaze.js?hash=f33d3dfed63a491d24e3aa07ad66c24b5fe8c761",
      "size": 472754,
      "hash": "f33d3dfed63a491d24e3aa07ad66c24b5fe8c761"
    },
    {
      "path": "packages/spacebars.js",
      "where": "client",
      "type": "js",
      "cacheable": true,
      "url": "/packages/spacebars.js?hash=ebf9381e7fc625d41acb0df14995b7614360858a",
      "size": 26814,
      "hash": "ebf9381e7fc625d41acb0df14995b7614360858a"
    },
    {
      "path": "packages/templating-compiler.js",
      "where": "client",
      "type": "js",
      "cacheable": true,
      "url": "/packages/templating-compiler.js?hash=a71883cdec50e95ca135291415990753ed6d57fc",
      "size": 728,
      "hash": "a71883cdec50e95ca135291415990753ed6d57fc"
    },
    {
      "path": "packages/templating-runtime.js",
      "where": "client",
      "type": "js",
      "cacheable": true,
      "url": "/packages/templating-runtime.js?hash=c18de19afda6e9f0db7faf3d4382a4c953cabe18",
      "size": 24132,
      "hash": "c18de19afda6e9f0db7faf3d4382a4c953cabe18"
    },
    {
      "path": "packages/templating.js",
      "where": "client",
      "type": "js",
      "cacheable": true,
      "url": "/packages/templating.js?hash=c2cf38de06efb47f67affb2dff9320e5eef33893",
      "size": 909,
      "hash": "c2cf38de06efb47f67affb2dff9320e5eef33893"
    },
    {
      "path": "packages/launch-screen.js",
      "where": "client",
      "type": "js",
      "cacheable": true,
      "url": "/packages/launch-screen.js?hash=2f56943306c7e900ed9f4d894b87f534ebffeaeb",
      "size": 8391,
      "hash": "2f56943306c7e900ed9f4d894b87f534ebffeaeb"
    },
    {
      "path": "packages/ui.js",
      "where": "client",
      "type": "js",
      "cacheable": true,
      "url": "/packages/ui.js?hash=039c55a98376abd03d9d8cd4100895861b897643",
      "size": 979,
      "hash": "039c55a98376abd03d9d8cd4100895861b897643"
    },
    {
      "path": "packages/autoupdate.js",
      "where": "client",
      "type": "js",
      "cacheable": true,
      "url": "/packages/autoupdate.js?hash=1fd9cf3472adaa6887170d88ab5ea1ddabf695fa",
      "size": 17200,
      "hash": "1fd9cf3472adaa6887170d88ab5ea1ddabf695fa"
    },
    {
      "path": "packages/global-imports.js",
      "where": "client",
      "type": "js",
      "cacheable": true,
      "url": "/packages/global-imports.js?hash=e00fccbcbee1aabaa1c38cc2f9e8470535546ab4",
      "size": 1000,
      "hash": "e00fccbcbee1aabaa1c38cc2f9e8470535546ab4"
    },
    {
      "path": "app/app.js",
      "where": "client",
      "type": "js",
      "cacheable": true,
      "url": "/app/app.js?hash=7839007b9d6b3ea2fb95165a9b44a8da9c1a778c",
      "sourceMap": "app/app.js.map",
      "sourceMapUrl": "/app/7839007b9d6b3ea2fb95165a9b44a8da9c1a778c.map",
      "size": 17013,
      "hash": "7839007b9d6b3ea2fb95165a9b44a8da9c1a778c"
    },
    {
      "path": "merged-stylesheets.css",
      "where": "client",
      "type": "css",
      "cacheable": true,
      "url": "/merged-stylesheets.css?hash=1a165863f95fc2ba4d6af1034a1380b15db31f19",
      "sourceMap": "merged-stylesheets.css.map",
      "sourceMapUrl": "/1a165863f95fc2ba4d6af1034a1380b15db31f19.map",
      "size": 30,
      "hash": "1a165863f95fc2ba4d6af1034a1380b15db31f19"
    },
    {
      "path": "head.html",
      "where": "internal",
      "type": "head",
      "hash": "67e93411f2b85b65074c14b4086c5fb42f7fbff2"
    }
  ]
}